latitude,longitude,altitude,geometry,coordinates,@id,landuse,leisure,name,name:en,type,barrier,fence_type,int_name,name:de,name:pl,name:tr,tourism,wikidata,wikipedia,addr:city,addr:street,addr:housenumber,addr:postcode,opening_hours
,,,MultiPolygon,"21.4489606,42.0134951,21.4495833,42.0134466,21.4496531,42.0136558,21.4496638,42.0137575,21.4498511,42.0138139,21.4503768,42.013798,21.4504681,42.0143288,21.4508376,42.014356,21.4508011,42.0145393,21.4502695,42.0145473,21.4503209,42.0143553,21.4501935,42.014379,21.4501007,42.0143873,21.4498944,42.0144041,21.4495959,42.0143542,21.4493897,42.014348,21.4492445,42.0147,21.4486391,42.0145566,21.4489391,42.0141646,21.4489606,42.0134951,21.4563698,42.0035048,21.4572565,42.0035678,21.4579078,42.0037006,21.4596244,42.0045724,21.4608614,42.0063478,21.4602676,42.0066878,21.4608754,42.0073148,21.4604891,42.00757,21.4603464,42.0077984,21.460134,42.0078841,21.4591518,42.0080004,21.458632,42.0081176,21.4587822,42.0085322,21.4590037,42.008867,21.4594114,42.008814,21.4596045,42.0089467,21.4594044,42.0092178,21.4589731,42.0094406,21.4586008,42.0098073,21.4581148,42.0103282,21.4576809,42.0107432,21.457793,42.0110668,21.4576497,42.0112263,21.45733,42.0114554,21.4567491,42.0116197,21.4561139,42.0121837,21.4554755,42.0127887,21.4545686,42.0135993,21.4544425,42.0136186,21.4543084,42.0138139,21.4541635,42.0138139,21.4541474,42.0139534,21.4540884,42.0139534,21.4540884,42.0141208,21.4538749,42.0141088,21.4538857,42.0139893,21.4537397,42.0138578,21.4534876,42.0140012,21.4534608,42.0141288,21.453155,42.0141168,21.4531872,42.0139295,21.452978,42.0139215,21.4529512,42.0140212,21.4526669,42.0140212,21.4526508,42.0141567,21.4522441,42.0141328,21.4522495,42.0139853,21.4523407,42.0139853,21.4523514,42.0139215,21.4524855,42.0139175,21.4524952,42.0138139,21.4520231,42.013782,21.4519909,42.0139454,21.451889,42.0139415,21.4518622,42.0140929,21.45152,42.014073,21.451535,42.0140092,21.4512754,42.0140066,21.4512453,42.0139255,21.4513419,42.0132081,21.4510093,42.013224,21.4510157,42.0134552,21.4507523,42.0134393,21.4507367,42.0135429,21.4503339,42.0135429,21.4502802,42.0128653,21.4499476,42.0128892,21.4498833,42.0127457,21.4496611,42.0127411,21.4496252,42.0130208,21.4495029,42.0130566,21.4492446,42.0129809,21.448955,42.012965,21.4490086,42.0126142,21.448768,42.0126142,21.4491221,42.0122316,21.4489466,42.0119821,21.448794,42.0117652,21.4479577,42.012062,21.44777,42.0121457,21.4475983,42.0121975,21.4476332,42.0124028,21.4477566,42.012628,21.4476836,42.012941,21.4474744,42.012949,21.447469,42.0131882,21.4476039,42.0131842,21.4475978,42.0133396,21.4474913,42.0133476,21.4474859,42.0138139,21.4474314,42.0143799,21.4471639,42.0139977,21.4468851,42.0140212,21.4468682,42.0135788,21.4469648,42.0135788,21.446954,42.0131244,21.4468253,42.0131204,21.4470238,42.011267,21.4471525,42.011271,21.4471793,42.0108326,21.4472874,42.0108365,21.4473381,42.0106629,21.4474834,42.0106734,21.4474636,42.0099397,21.4472276,42.0099357,21.4472062,42.0095252,21.4473885,42.0095172,21.4473671,42.0089355,21.4472813,42.0089355,21.447292,42.0085329,21.4473456,42.0083774,21.4474838,42.008372,21.4478284,42.0078114,21.4478928,42.0075643,21.4478933,42.0071616,21.4477833,42.0070055,21.447653,42.006974,21.4475457,42.0069649,21.4475142,42.0069233,21.4476788,42.0068763,21.4477613,42.0068209,21.4478853,42.0066152,21.4479336,42.0064796,21.4479302,42.0063944,21.4479034,42.0063665,21.447939,42.0063142,21.4481026,42.0061647,21.4481428,42.006077,21.4482125,42.0060204,21.448285,42.0059614,21.4485129,42.0058498,21.4487463,42.0058,21.448985,42.0057721,21.4493766,42.0057263,21.4493787,42.0055672,21.4486929,42.0055112,21.4488538,42.0052401,21.4489496,42.0052643,21.4490837,42.0050291,21.4485848,42.0045507,21.4486683,42.0044947,21.4490879,42.0047075,21.4492495,42.0045316,21.4494171,42.0046183,21.4496746,42.0043991,21.449813,42.0044909,21.450269,42.0039727,21.4501518,42.0039228,21.4502477,42.0037613,21.4503378,42.0036274,21.450411,42.0035185,21.4505588,42.0032989,21.4508378,42.0029601,21.4510309,42.0027926,21.4511278,42.0027411,21.4512477,42.0027135,21.4514188,42.0027178,21.4515944,42.0027449,21.4519089,42.0028888,21.451925,42.0028399,21.4518998,42.0024499,21.4518448,42.0024453,21.4510919,42.0023819,21.450903,42.002366,21.4505865,42.0018996,21.4505436,42.0015687,21.4506295,42.0013575,21.4507582,42.0012299,21.451005,42.0011462,21.4512142,42.0011302,21.4514878,42.0011422,21.4516702,42.001186,21.4519111,42.0012718,21.452162,42.0014378,21.4523438,42.0015768,21.4525131,42.0017171,21.4526345,42.0018311,21.4526784,42.001902,21.4527065,42.0019325,21.4527409,42.0019592,21.4527842,42.001977,21.4528322,42.0019736,21.4528931,42.001952,21.4529242,42.0019127,21.4529439,42.0018513,21.4529496,42.0018028,21.4529387,42.0017473,21.4531936,42.001772,21.4531615,42.002091,21.4538549,42.0021461,21.4538236,42.0022475,21.4537933,42.0027085,21.4548624,42.0029582,21.4560852,42.0031384,21.4561602,42.0027153,21.4566093,42.0027599,21.4566582,42.0027728,21.4567038,42.0027798,21.4567722,42.0027828,21.4568633,42.0027835,21.4571576,42.0027894,21.4572283,42.0027908,21.457344,42.0027851,21.4573389,42.002808,21.4572663,42.003127,21.4572829,42.0032406,21.4563694,42.0032311,21.4563698,42.0035048,21.4562094,42.0037046,21.4560687,42.0037212,21.4558863,42.0037889,21.4557469,42.0038607,21.4555915,42.0039885,21.4556237,42.0042954,21.4555285,42.0048115,21.4554162,42.0050534,21.4551838,42.0055032,21.454869,42.0058427,21.4548298,42.0058301,21.454642,42.0060613,21.454583,42.0062207,21.4547332,42.0064201,21.4549424,42.0065476,21.4554092,42.0066313,21.4557166,42.0067037,21.4556826,42.0069494,21.456025,42.0069703,21.456584,42.0070459,21.45735,42.0072055,21.4575673,42.0072258,21.4567545,42.0053838,21.4568307,42.0053797,21.456776,42.0052005,21.4562932,42.0051806,21.4563533,42.0041639,21.456261,42.0040883,21.4562728,42.0038011,21.4562094,42.0037046",relation/6593335,forest,park,Парк-шума Гази Баба,Gazi Baba Forest,multipolygon,,,,,,,,,,,,,,
,,,Polygon,"21.4330677,41.9943916,21.4326838,41.9942353,21.43285,41.9940254,21.4334573,41.99314,21.433565,41.9929791,21.4336175,41.9929405,21.4337193,41.9929239,21.435128,41.993531,21.4351124,41.9935685,21.4350966,41.9936019,21.434919,41.9938425,21.4330677,41.9943916",way/32490228,,park,Парк Жена-борец,Park of The Woman - Freedom-fighter,,,,,,,,,,,,,,,
,,,Polygon,"21.3924367,41.9979326,21.3923971,41.9976549,21.3933322,41.9975255,21.3933935,41.9977658,21.3932784,41.9977828,21.3932908,41.9978537,21.3924926,41.9979595,21.3924584,41.9979506,21.3924367,41.9979326",way/32653265,,park,,,,,,,,,,,,,,,,,
,,,Polygon,"21.4200282,41.994062,21.4199263,41.993759,21.4212005,41.9934928,21.421311,41.9938094,21.4200282,41.994062",way/32653396,,park,,,,,,,,,,,,,,,,,
,,,Polygon,"21.3994688,41.9970637,21.3993152,41.9970838,21.3986684,41.997174,21.3980048,41.9972666,21.3977908,41.9972965,21.3973836,41.9973533,21.3967516,41.9974415,21.3968882,41.9973415,21.3969552,41.9972808,21.396984,41.9972282,21.397008,41.997151,21.3970056,41.9970786,21.3969972,41.9970245,21.3969897,41.9970007,21.3969738,41.9969502,21.3969513,41.9968952,21.397086,41.9968705,21.3980712,41.9967403,21.3988705,41.9966331,21.398773,41.9961724,21.398823,41.9961174,21.4000939,41.9959436,21.4002146,41.9963786,21.4002567,41.9963596,21.4002961,41.9963168,21.4006326,41.9958178,21.4008315,41.9960458,21.4016485,41.9959475,21.4016499,41.9960147,21.4017037,41.9961202,21.4019685,41.9963653,21.4022173,41.9963667,21.4028476,41.9962599,21.4027531,41.9959698,21.4032493,41.9958648,21.4033082,41.9958878,21.4033647,41.9961364,21.4034126,41.9962917,21.403336,41.9963804,21.4032357,41.9964678,21.4030852,41.9965596,21.4024362,41.9966498,21.4020606,41.996702,21.4004879,41.9969206,21.3998848,41.9970053,21.3997391,41.9970257,21.3996313,41.9970409,21.3994688,41.9970637",way/32674538,,park,,Park Makedonija,,,,,,,,,,,,,,,
,,,Polygon,"21.4233516,41.9890585,21.42221,41.9881653,21.4228907,41.9876887,21.4232627,41.9876484,21.4243815,41.9877953,21.4248021,41.9882163,21.4233516,41.9890585",way/32687896,,park,,,,,,,,,,,,,,,,,
,,,Polygon,"21.3938371,42.0093103,21.3929373,42.0094744,21.3927645,42.0090098,21.3934234,42.0089086,21.3933603,42.0087095,21.3935446,42.0086773,21.3937376,42.0086435,21.3938185,42.0088988,21.393827,42.0089135,21.3940901,42.008869,21.3942225,42.0090003,21.3942232,42.0090009,21.394403,42.0091419,21.3943076,42.009277,21.3938371,42.0093103",way/32784404,,park,Карпош,,,fence,chain_link,,,,,,,,,,,,
,,,Polygon,"21.4308121,41.9894737,21.4304172,41.9889378,21.4320051,41.9881722,21.4322626,41.9881658,21.432559,41.9883921,21.4327733,41.9885973,21.4324549,41.9887396,21.4308121,41.9894737",way/32912650,,park,,,,,,,,,,,,,,,,,
,,,Polygon,"21.4804282,41.9855089,21.4795339,41.9844721,21.4807226,41.9839056,21.4816169,41.9849424,21.4804282,41.9855089",way/37997021,,park,,,,,,,,,,,,,,,,,
,,,Polygon,"21.4773639,41.9868237,21.4756988,41.9875446,21.47557,41.9874043,21.4754048,41.9872186,21.475364,41.9870917,21.4749864,41.9866706,21.47557,41.9864027,21.4754241,41.9861921,21.4764712,41.9857392,21.4773639,41.9868237",way/37997022,,park,,,,,,,,,,,,,,,,,
,,,Polygon,"21.4629815,41.9911682,21.4614538,41.9909194,21.4608787,41.9902942,21.460338,41.9902559,21.460192,41.9901028,21.4614795,41.9894521,21.4616769,41.9896435,21.4620803,41.9896818,21.4628871,41.9893373,21.4637025,41.9903388,21.463857,41.9907152,21.4629815,41.9911682",way/38003188,,park,,,,,,,,,,,,,,,,,
,,,Polygon,"21.4628356,41.9890757,21.46287,41.989114,21.4619687,41.9895223,21.4617713,41.989433,21.4613129,41.9889661,21.4623183,41.988451,21.4628356,41.9890757",way/38003191,,park,,,,,,,,,,,,,,,,,
,,,Polygon,"21.4708472,41.983723,21.4704562,41.9833574,21.4711113,41.9830219,21.4712456,41.9830819,21.4713688,41.9832057,21.4715167,41.9834303,21.4708472,41.983723",way/147712082,,park,Парк Јане Сандански,,,,,Park Jane Sandanski,,,,,,,,,,,
,,,Polygon,"21.4231869,42.0081125,21.4188281,42.0118598,21.4185348,42.0120588,21.4181609,42.0122552,21.417734,42.0124071,21.4173863,42.0125065,21.4169414,42.0126,21.4164025,42.0126691,21.4159673,42.0126607,21.4155532,42.0126093,21.414988,42.0124885,21.41462,42.012399,21.4142293,42.0122328,21.4138471,42.0120285,21.412944,42.0114997,21.4117681,42.0109704,21.4102576,42.0107663,21.4088155,42.0110023,21.4071505,42.0114868,21.4066393,42.009448,21.4066594,42.0094061,21.4066956,42.0093769,21.4067428,42.009358,21.4068136,42.009352,21.4070939,42.0093828,21.4082067,42.0100055,21.4076515,42.0102076,21.4072776,42.0102718,21.4070418,42.0104842,21.4070715,42.0108178,21.4071681,42.0111273,21.4077777,42.011025,21.4079632,42.0109629,21.4083116,42.0106937,21.4085328,42.0104993,21.4087332,42.0103451,21.4088986,42.0102474,21.4089569,42.0102107,21.4089657,42.0102049,21.4089677,42.0101956,21.4089615,42.0101899,21.4083791,42.0100391,21.4094304,42.0095306,21.409866,42.0094611,21.4101348,42.0094347,21.411622,42.0093156,21.412472,42.0082791,21.4132787,42.0081506,21.4137951,42.008298,21.4140817,42.0083603,21.4142464,42.0083633,21.4144673,42.0082789,21.4148708,42.0080455,21.4152345,42.008691,21.4181851,42.0078633,21.4204095,42.0071199,21.4201285,42.0067398,21.4206542,42.0065385,21.4190956,42.0050731,21.4214596,42.0038219,21.4213647,42.0037213,21.4220445,42.0033812,21.4217518,42.0030668,21.4231904,42.0023757,21.4233118,42.0025022,21.4234932,42.0027008,21.4235245,42.0027351,21.423706,42.0029497,21.423844,42.0032628,21.4239187,42.0033656,21.4240137,42.0034664,21.4241215,42.0035599,21.4242753,42.003669,21.4244458,42.0037765,21.4248143,42.0035739,21.4254298,42.0041534,21.4218316,42.0066165,21.421906,42.0066866,21.4212436,42.007118,21.4211802,42.0071628,21.4215326,42.0074897,21.4213127,42.0076243,21.4211712,42.0076963,21.4211676,42.0079115,21.4212578,42.0080914,21.4213019,42.0082435,21.4210598,42.0083761,21.4210979,42.0084477,21.4211663,42.0085621,21.4212362,42.0086919,21.4214974,42.0087229,21.4217347,42.0087444,21.4221411,42.0084576,21.4231379,42.0080256,21.4231869,42.0081125",way/175476254,,park,Градски парк,City Park,,,,Gradski Park,Stadtpark,Park Miejski,City Park,attraction,Q12905885,mk:Градски парк (Скопје),,,,,
,,,Polygon,"21.4749925,41.9894096,21.4773099,41.9885954,21.477764,41.9891146,21.4782821,41.9897237,21.4785355,41.9900754,21.476926,41.9900496,21.4753129,41.9902867,21.4749925,41.9894096",way/177207730,,park,Паркот на авионот,Airplane Park,,,,,,,,,,,,,,,
,,,Polygon,"21.4284958,42.008671,21.4296242,42.0078452,21.4305646,42.0074945,21.4308044,42.0074227,21.4310652,42.0074412,21.4313784,42.0075562,21.4314159,42.0076299,21.429415,42.0093041,21.4284958,42.008671",way/177692881,,park,,,,,,,,,,,,,,,,,
,,,Polygon,"21.4655903,41.9776422,21.4657899,41.9775314,21.4661265,41.9779754,21.4662079,41.9780964,21.4661866,41.9781094,21.4659901,41.9779552,21.4657121,41.9777549,21.4655903,41.9776422",way/187547581,,park,,,,,,,,,,,,,,,,,
,,,Polygon,"21.4942278,41.9986767,21.4935968,41.9989058,21.4936678,41.9990098,21.493534,41.9990582,21.4932744,41.998659,21.4934246,41.9986061,21.4934887,41.9987121,21.4941084,41.9984953,21.4942278,41.9986767",way/227935754,,park,,,,,,,,,,,,,,,,,
,,,Polygon,"21.4915491,41.9989136,21.491431,41.9987292,21.4917207,41.9986267,21.4918389,41.998811,21.4915491,41.9989136",way/228743208,,park,,,,,,,,,,,,,,,,,
,,,Polygon,"21.4921617,41.9989318,21.4920689,41.9987891,21.4922495,41.9987243,21.4923423,41.9988669,21.4921617,41.9989318",way/228743588,,park,,,,,,,,,,,,,,,,,
,,,Polygon,"21.5017876,42.0061204,21.5021735,42.0056396,21.5030556,42.0061681,21.5031045,42.0063027,21.5029677,42.0065708,21.5017876,42.0061204",way/228746642,,park,Методија Андонов - Ченто,,,,,,,,,,,,Скопје,Методија Андонов Ченто,,,
,,,Polygon,"21.4935482,41.9982727,21.4935,41.9981921,21.493776,41.9980908,21.4936794,41.9979455,21.4938995,41.9978626,21.4940054,41.9980312,21.4941507,41.9979819,21.4941922,41.9980443,21.4935482,41.9982727",way/228747916,,park,,,,,,,,,,,,,,,,,
,,,Polygon,"21.4873484,41.9875751,21.4866188,41.9875352,21.4853313,41.9865144,21.485224,41.9862194,21.4846769,41.9856532,21.4841404,41.9855335,21.4839495,41.9853359,21.4841308,41.9852221,21.4843104,41.9851553,21.4863221,41.9841463,21.489198,41.9862489,21.488668,41.9868653,21.4882067,41.9872401,21.4873484,41.9875751",way/231098674,,park,,,,,,,,,,,,,,,,,
,,,Polygon,"21.4776125,41.9817531,21.4784382,41.9813592,21.4790668,41.9820692,21.4781979,41.9824311,21.4776125,41.9817531",way/284497904,,park,,,,,,,,,,,,,,,,,
,,,Polygon,"21.473742,41.9836974,21.4745823,41.9833407,21.475107,41.9840237,21.4742666,41.9843804,21.473742,41.9836974",way/284497905,,park,,,,,,,,,,,,,,,,,
,,,Polygon,"21.4715538,41.9879704,21.4722157,41.9886834,21.4707272,41.9893349,21.4705801,41.9891454,21.470196,41.9886504,21.4715538,41.9879704",way/284497906,,park,,,,,,,,,,,,,,,,,
,,,Polygon,"21.467437,41.9904801,21.4660708,41.9910851,21.4655621,41.9906055,21.4669231,41.9898769,21.467437,41.9904801",way/284497907,,park,,,,,,,,,,,,,,,,,
,,,Polygon,"21.4734819,41.979723,21.473257,41.9794354,21.4729511,41.9790442,21.4739704,41.9785496,21.4745295,41.9792547,21.4734819,41.979723",way/284497935,,park,,,,,,,,,,,,,,,,,
,,,Polygon,"21.4748851,41.9786647,21.4747659,41.9784847,21.4746813,41.9782619,21.4756738,41.9778929,21.4757867,41.977855,21.4759008,41.9779217,21.4760529,41.9778372,21.4762224,41.9781126,21.4755451,41.9784144,21.4748851,41.9786647",way/284497936,,park,,,,,,,,,,,,,,,,,
,,,Polygon,"21.4474743,41.9873051,21.4476245,41.9871097,21.4490378,41.9864443,21.4491959,41.9866446,21.447756,41.9873031,21.4474743,41.9873051",way/284663569,,park,,,,,,,,,,,,,,,,,
,,,Polygon,"21.4665435,41.9834609,21.4661825,41.982947,21.4664935,41.9827101,21.4666808,41.9827005,21.4674622,41.9822995,21.4676553,41.9824979,21.4683244,41.9821247,21.4684869,41.9822854,21.468669,41.9824628,21.4677057,41.9829906,21.4672823,41.9830627,21.4665435,41.9834609",way/284663615,,park,,,,,,,,,,,,,,,,,
,,,Polygon,"21.4755971,41.9828483,21.4745848,41.9816096,21.4740119,41.9818683,21.4738394,41.9816572,21.475106,41.9810853,21.4753529,41.9813873,21.4756442,41.9812558,21.4762826,41.982037,21.4757756,41.982266,21.4760751,41.9826325,21.4755971,41.9828483",way/284742161,,park,,,,,,,,,,,,,,,,,
,,,Polygon,"21.4720137,41.9830125,21.4717662,41.9827073,21.4722009,41.9825125,21.4724484,41.9828178,21.4720137,41.9830125",way/284742163,,park,,,,,,,,,,,,,,,,,
,,,Polygon,"21.4695612,41.9865426,21.4689418,41.985911,21.4705011,41.9850662,21.4711204,41.9856978,21.4695612,41.9865426",way/284742165,,park,,,,,,,,,,,,,,,,,
,,,Polygon,"21.4643516,41.9881944,21.4658604,41.9873902,21.466369,41.9879174,21.4648602,41.9887215,21.4643516,41.9881944",way/284742167,,park,,,,,,,,,,,,,,,,,
,,,Polygon,"21.3725026,42.0067734,21.3725266,42.0067668,21.3727126,42.0067156,21.3727603,42.0067025,21.3727992,42.0066916,21.3730278,42.0066274,21.3730615,42.0066181,21.3731926,42.0065866,21.3732749,42.0065668,21.3733442,42.0065524,21.3734114,42.0065427,21.3734216,42.0065422,21.3734521,42.0065406,21.3734701,42.0065397,21.3735205,42.0065407,21.3735666,42.0065427,21.3736128,42.0065467,21.3737114,42.0065585,21.3738132,42.006584,21.3739763,42.0066383,21.3740042,42.0066546,21.3740241,42.0066663,21.3740335,42.0066694,21.3740826,42.0066854,21.3741622,42.0066968,21.37422,42.0066941,21.3742827,42.0066911,21.3744355,42.0066652,21.3746408,42.0066151,21.3747522,42.0065836,21.3748682,42.0065535,21.3749894,42.0065352,21.3750361,42.0065497,21.3750742,42.0065706,21.3750955,42.0066,21.3750994,42.0066282,21.3750933,42.0066721,21.3750647,42.0067027,21.3743411,42.0068937,21.3741789,42.0069368,21.3741518,42.0068803,21.3739994,42.006921,21.3739915,42.0069865,21.3739066,42.0070054,21.3733235,42.0071634,21.3733017,42.0071692,21.372856,42.0072872,21.3727612,42.0073123,21.3727454,42.0072794,21.3726428,42.0070659,21.3726016,42.0069799,21.3725026,42.0067734",way/298284042,,park,Парк Влае,,,,,,,,,,,,,,,,
,,,Polygon,"21.4242229,41.9930425,21.4241984,41.9931534,21.4240373,41.993241,21.4237454,41.9933157,21.423643,41.9930844,21.4224656,41.993342,21.4224456,41.9932676,21.4224005,41.9930999,21.4227833,41.9930238,21.4227938,41.9929445,21.4236715,41.9925802,21.4236795,41.9925304,21.4232758,41.9921987,21.4234527,41.9922017,21.4236996,41.9923331,21.4238877,41.9924906,21.4240228,41.9926469,21.4242229,41.9930425",way/380110910,,park,,,,,,,,,,,,,,,,,
,,,Polygon,"21.3929538,42.0039976,21.3929381,42.0039275,21.3928304,42.0039407,21.3927971,42.0037908,21.3927977,42.0037636,21.3928005,42.0037502,21.3928043,42.0037385,21.3928103,42.0037266,21.392818,42.0037154,21.3928275,42.0037061,21.3928388,42.0036968,21.3928519,42.0036888,21.3928681,42.0036836,21.3929015,42.0036771,21.3940994,42.0035207,21.3941233,42.0036134,21.393845,42.00365,21.3938512,42.0036761,21.3938988,42.0038714,21.3929538,42.0039976",way/408888206,,park,,,,,,,,,,,,,,,,,
,,,Polygon,"21.4312104,41.9968296,21.4310412,41.9967035,21.4311694,41.9966086,21.4313385,41.9967346,21.4312104,41.9968296",way/411092505,,park,,,,,,,,,,,,,,,,,
,,,Polygon,"21.4864792,41.9745902,21.4859358,41.9743064,21.4865031,41.9737177,21.4870464,41.9739938,21.4864792,41.9745902",way/414650719,,park,Парк Бановина,,,,,,,,,,,mk:Парк „Бановина“,,,,,
,,,Polygon,"21.4350637,42.000123,21.435083,42.000118,21.435099,42.0001085,21.4350614,42.0002732,21.4349151,42.0007265,21.4348777,42.0008473,21.4348135,42.0010494,21.4345567,42.0018063,21.4345096,42.0019004,21.4344463,42.0019034,21.4342686,42.0020468,21.4341789,42.002091,21.4340939,42.0021248,21.4337628,42.0021991,21.4335018,42.0022536,21.4333534,42.0022773,21.4332409,42.00229,21.4331817,42.002293,21.4331493,42.0022911,21.4331176,42.0022861,21.433091,42.0022786,21.4330631,42.002265,21.4330244,42.002245,21.4329782,42.0022175,21.4329125,42.0021732,21.4328342,42.0021144,21.4327489,42.0020442,21.4326059,42.0019199,21.4325664,42.0018778,21.4326108,42.0018674,21.4327665,42.0018031,21.4328943,42.0017434,21.4331075,42.0014715,21.4333925,42.001219,21.4336075,42.0010553,21.4337718,42.0009362,21.4338323,42.0008979,21.4338778,42.0008716,21.4339399,42.0008231,21.4340011,42.0007721,21.4341382,42.00066,21.4342603,42.0005503,21.434368,42.0004704,21.4344855,42.0003954,21.4346041,42.0003266,21.434723,42.0002594,21.4348196,42.0001995,21.4349492,42.0001436,21.4349971,42.0001304,21.4350432,42.0001227,21.4350637,42.000123",way/445837939,,park,,,,,,,,,,,,,,,,,
,,,Polygon,"21.4367293,42.0026103,21.436695,42.0030277,21.4362108,42.0030058,21.436245,42.0025883,21.4367293,42.0026103",way/474868812,,park,,,,,,,,,,,,,,,,,
,,,Polygon,"21.4348152,42.004058,21.4348824,42.0038323,21.4348992,42.003819,21.4349215,42.0038147,21.4349396,42.0038183,21.4349532,42.0038303,21.4349611,42.0038518,21.4349995,42.0040712,21.4349956,42.0040855,21.4349831,42.0040947,21.4349678,42.0040979,21.4349074,42.0040981,21.4348504,42.0040922,21.4348326,42.0040858,21.4348212,42.004075,21.4348152,42.004058",way/474870582,,park,,,,,,,,,,,,,,,,,
,,,Polygon,"21.44884,41.9946205,21.4490681,41.994931,21.4483599,41.9952307,21.4475269,41.995493,21.4464874,41.9956535,21.4459785,41.9956732,21.4453975,41.9956589,21.444987,41.9956375,21.4436907,41.9953467,21.4426176,41.9950184,21.4426512,41.994972,21.443549,41.9952289,21.4439355,41.9953484,21.4443508,41.9954555,21.4450758,41.9955733,21.4457552,41.9955964,21.4461153,41.9955679,21.4465426,41.9955019,21.4472124,41.9953253,21.44884,41.9946205",way/476218866,,park,,,,,,,,,,,,,,,,,
,,,Polygon,"21.4685675,42.0033312,21.4689442,42.0034329,21.468826,42.0036744,21.4684494,42.0035727,21.4685675,42.0033312",way/476222634,,park,,,,,,,,,,,,,,,,,
,,,Polygon,"21.464072,42.0077126,21.4639139,42.0072983,21.4640167,42.0070133,21.4643172,42.0068429,21.4651792,42.0069075,21.464072,42.0077126",way/476222977,,park,,,,,,,,,,,,,,,,,
,,,Polygon,"21.4451665,42.0147223,21.4459722,42.0146775,21.4464998,42.0158873,21.4450938,42.016032,21.4451796,42.0148354,21.4451665,42.0147223",way/476397816,,park,,,,,,,,,,,,,,,,,
,,,Polygon,"21.4328921,42.0170623,21.4330121,42.0162077,21.4338503,42.0162726,21.4337302,42.0171272,21.4328921,42.0170623",way/477891478,,park,,,,,,,,,,,,,,,,,
,,,Polygon,"21.4334299,42.0203572,21.4333511,42.0208933,21.4336154,42.0209147,21.4335,42.0217011,21.4327937,42.0216438,21.4328555,42.0212226,21.4327015,42.0212101,21.4328338,42.0203089,21.4334299,42.0203572",way/477891673,,park,,,,,,,,,,,,,,,,,
,,,Polygon,"21.4170489,42.0013843,21.4173648,42.0011282,21.4175696,42.0012678,21.4174617,42.0013553,21.4170489,42.0013843",way/480285181,,park,,,,,,,,,,,,,,,,,
,,,Polygon,"21.4266146,42.0036116,21.427096,42.0032117,21.4271448,42.0031046,21.4271293,42.0030054,21.427098,42.0029347,21.4266239,42.0024901,21.4281715,42.0015026,21.4282347,42.0014339,21.4281514,42.0013049,21.4284001,42.0011453,21.4286121,42.0011225,21.428784,42.0010691,21.4289515,42.0009483,21.4291536,42.0006065,21.4294197,42.0001512,21.4293962,42.0000074,21.4295179,42.000067,21.4296024,42.0001083,21.4287467,42.0016852,21.4284342,42.0023377,21.4283854,42.0025185,21.4283295,42.0026866,21.4282699,42.0028721,21.4282489,42.0033961,21.4282195,42.0038036,21.4282084,42.0044341,21.4282112,42.004637,21.428183,42.0049397,21.4279356,42.0049315,21.4276358,42.004632,21.4275203,42.0045125,21.4266146,42.0036116",way/487162446,,park,Парк на Франкофонијата,,,,,,,,,,,,,,,,
,,,Polygon,"21.4668149,41.9824272,21.4670321,41.9823144,21.4671937,41.9822267,21.4673284,41.9823641,21.4669393,41.9825642,21.4668149,41.9824272",way/509297486,,park,,,,,,,,,,,,,,,,,
,,,Polygon,"21.4664935,41.9827101,21.4664654,41.9826294,21.4664319,41.9825451,21.4663795,41.9824397,21.4662517,41.9823057,21.4664869,41.9820928,21.4669393,41.9825642,21.4666808,41.9827005,21.4664935,41.9827101",way/509297488,,park,,,,,,,,,,,,,,,,,
,,,Polygon,"21.5052749,42.0040786,21.5056156,42.0038532,21.5056309,42.0040614,21.5052749,42.0040786",way/518105003,,park,,,,,,,,,,,,,,,,,
,,,Polygon,"21.4625896,41.9935937,21.4626489,41.9935423,21.4631746,41.9930861,21.4636775,41.9928356,21.4639207,41.9929621,21.4639218,41.9932915,21.4639814,41.993711,21.4639834,41.9940915,21.4638729,41.9941452,21.4638186,41.9942324,21.4631266,41.994031,21.4628286,41.9939145,21.4627444,41.9938772,21.4625896,41.9935937",way/544529234,,park,,,,,,,,,,,,,,,,,
,,,Polygon,"21.418923,42.0049084,21.421071,42.0069461,21.4197675,42.0073932,21.419628,42.0075088,21.4194054,42.0076264,21.4187431,42.0078263,21.4182624,42.0079538,21.4180307,42.0079538,21.4160533,42.0085121,21.415053,42.0088307,21.4147876,42.0081419,21.4147754,42.0081101,21.4146724,42.007877,21.4144166,42.0072985,21.4143809,42.0072178,21.4148813,42.0069696,21.4146939,42.0064798,21.4156891,42.0061527,21.4163653,42.0058541,21.4168597,42.0056052,21.41716,42.0054436,21.4185632,42.0047486,21.4187821,42.0047646,21.418923,42.0049084",way/544530764,,park,,,,,,,,,,,,,,,,,
,,,Polygon,"21.4037304,41.9961978,21.4036729,41.9960884,21.4036208,41.9959744,21.4035984,41.9959072,21.4035939,41.9958724,21.4036036,41.9958487,21.403619,41.9958269,21.4036525,41.9958013,21.4036948,41.9957833,21.4037673,41.9957682,21.4041515,41.9957199,21.4046034,41.9956573,21.4048311,41.9956314,21.4049857,41.9956188,21.4050802,41.995614,21.4054151,41.9956149,21.4058484,41.9956205,21.4060307,41.9956195,21.4063666,41.9956026,21.4068578,41.9955343,21.4076804,41.9954229,21.4085998,41.9952878,21.4094846,41.9951572,21.4095641,41.9951484,21.4095957,41.995148,21.4096169,41.995159,21.4096309,41.9951773,21.4096398,41.9952014,21.4096541,41.995255,21.4096709,41.9953246,21.4096205,41.9953304,21.409609,41.9952753,21.4093573,41.9953044,21.4093688,41.9953595,21.4093351,41.9953634,21.4091055,41.9953899,21.40914,41.9955549,21.4091576,41.995639,21.40848,41.9957336,21.4078101,41.995822,21.4072138,41.9959056,21.4070083,41.9959229,21.4069049,41.9959318,21.406657,41.9959625,21.4064898,41.9959884,21.4062928,41.9960256,21.4061375,41.9960421,21.4059615,41.9960579,21.4057122,41.9960864,21.4040321,41.9963193,21.4039887,41.9963192,21.4039392,41.9963138,21.4038946,41.9963028,21.4038525,41.996287,21.4038133,41.9962666,21.4037718,41.9962396,21.4037304,41.9961978",way/548919797,,park,,,,,,,,,,,,,,,,,
,,,Polygon,"21.4097918,41.9952824,21.4097607,41.9951279,21.4104033,41.9950443,21.410646,41.9950148,21.4111455,41.994954,21.4111964,41.9949478,21.4112945,41.9949426,21.4113436,41.994948,21.4113587,41.9949496,21.4113996,41.9949634,21.4114229,41.9949843,21.4114393,41.9950164,21.4114895,41.9952281,21.411486,41.9952472,21.4114731,41.9952697,21.4114544,41.9952897,21.4114334,41.9953053,21.4114019,41.9953149,21.4107826,41.995406,21.410748,41.995411,21.4104924,41.9954443,21.4101911,41.9954861,21.4097547,41.9955409,21.4097483,41.99551,21.4102014,41.9954576,21.4101353,41.995142,21.4100651,41.9951501,21.4100803,41.9952229,21.4099945,41.9952329,21.4098475,41.9952499,21.4098529,41.9952753,21.4097918,41.9952824",way/548919798,,park,,,,,,,,,,,,,,,,,
,,,Polygon,"21.4436188,41.9816803,21.442998,41.9809484,21.4430481,41.9809255,21.443141,41.9808831,21.4439925,41.9804942,21.444038,41.9805501,21.4443679,41.9809549,21.4445817,41.9812173,21.4445562,41.9812296,21.4441646,41.9814179,21.4438189,41.9815841,21.4436941,41.9816441,21.4436352,41.9816724,21.4436188,41.9816803",way/616576325,,park,Park Frederik Shopen,,,,,,,,,,,,,,,,
,,,Polygon,"21.4354811,41.9928573,21.4350326,41.9934174,21.4345173,41.9931852,21.434586,41.9931037,21.4348951,41.992737,21.4349872,41.9926255,21.4351597,41.9927065,21.4354811,41.9928573",way/717373941,,park,,,,,,,,,,,,,,,,,
,,,Polygon,"21.3707931,42.0007151,21.3708912,42.0004756,21.3706577,42.0004305,21.3707978,41.999903,21.3718672,42.0000279,21.3722735,42.0002258,21.3718579,42.0008921,21.3707931,42.0007151",way/834714771,,park,Park Hrom,,,,,,,,,,,,,,,,
,,,Polygon,"21.4440488,41.9775155,21.4443903,41.9769775,21.4446995,41.9769362,21.4448659,41.976914,21.4446911,41.9771861,21.4450855,41.97718,21.4447684,41.977727,21.4446848,41.9777024,21.4440488,41.9775155",way/844322208,,park,,,,,,,,,,,,,,,,,
,,,Polygon,"21.4440389,41.979849,21.4441972,41.9797652,21.4442486,41.9798202,21.4443071,41.9798829,21.4441382,41.9799606,21.4440389,41.979849",way/844386821,,park,,,,,,,,,,,,,,,,,
,,,Polygon,"21.4383433,41.9920431,21.4383433,41.9919807,21.4383807,41.9919216,21.4384414,41.9918696,21.4385488,41.9917724,21.4387169,41.9916856,21.438787,41.9916856,21.4389411,41.991762,21.4390905,41.9918453,21.4392306,41.99188,21.43931,41.9919216,21.439366,41.9919494,21.4393992,41.991974,21.4391839,41.9921993,21.4390251,41.9923555,21.4388337,41.9922792,21.438801,41.9922167,21.4387449,41.992182,21.4386889,41.9921577,21.4386142,41.9921368,21.4385581,41.9921438,21.4383433,41.9920431",way/844386823,,park,Pump track,,,,,,,,,,,,,,,,
,,,Polygon,"21.449637,41.9846018,21.4499144,41.9849263,21.4497055,41.9850292,21.4494697,41.984745,21.4492867,41.9845295,21.4501953,41.9841019,21.4503509,41.984282,21.4499631,41.9844663,21.4500565,41.9845806,21.4504415,41.9844004,21.4504653,41.9843984,21.4506208,41.9845889,21.4500986,41.9848377,21.4498266,41.9845082,21.449637,41.9846018",way/891239170,,park,,,,,,,,,,,,,,,,,
,,,Polygon,"21.4740579,41.9865465,21.4736598,41.9852762,21.474133,41.9850438,21.4745961,41.9848245,21.4744227,41.9846086,21.4761905,41.9837937,21.4763655,41.9839825,21.4773952,41.9832079,21.4783135,41.9827908,21.4784536,41.9827385,21.478587,41.9827259,21.4787299,41.9827161,21.4788484,41.9827417,21.4790292,41.9828254,21.479171,41.9834318,21.4787336,41.9836425,21.4779668,41.9840092,21.4788549,41.9849679,21.4782189,41.9852102,21.4775925,41.9854741,21.4773481,41.985177,21.4768994,41.9853878,21.476842,41.9855612,21.4740579,41.9865465",way/929294951,,park,,,,,,,,,,,,,,,,,
,,,Polygon,"21.442005,41.9835905,21.4420335,41.9835507,21.4420616,41.9835115,21.4421197,41.9835301,21.4421642,41.9835444,21.4421335,41.9835909,21.4421094,41.9836273,21.442005,41.9835905",way/976065793,,park,,,,,,,,,,,,,,,,,
,,,Polygon,"21.4433158,41.9788279,21.4435899,41.9783429,21.4441673,41.9785146,21.4441473,41.9785408,21.4439542,41.978479,21.4437557,41.9788559,21.4437852,41.9788698,21.4437343,41.9789556,21.4433158,41.9788279",way/976065810,,park,Пушкин,,,,,,,,,,,,,,,,
,,,Polygon,"21.4439916,41.9821863,21.4441894,41.9820995,21.4443369,41.9822815,21.4441391,41.9823607,21.4439916,41.9821863",way/982014140,,park,,,,,,,,,,,,,,,,,
,,,Polygon,"21.4443088,41.9823363,21.4444382,41.9822765,21.4445153,41.9823662,21.4443799,41.982426,21.4443088,41.9823363",way/982014141,,park,,,,,,,,,,,,,,,,,
,,,Polygon,"21.4466001,41.9798093,21.4466895,41.9797658,21.4467457,41.9798311,21.4466594,41.9798706,21.4466001,41.9798093",way/983122127,,park,,,,,,,,,,,,,,,,,
,,,Polygon,"21.4408558,41.9806119,21.4415034,41.9807658,21.4410902,41.9809595,21.4409434,41.9810375,21.4408996,41.9810491,21.4408533,41.9810542,21.4408095,41.9810531,21.4407744,41.9810481,21.4407442,41.9810313,21.4407176,41.981004,21.4407055,41.9809588,21.4407046,41.9809029,21.4407276,41.9808391,21.4408558,41.9806119",way/983122128,,park,,,,,,,,,,,,,,,,,
,,,Polygon,"21.4560273,41.9827747,21.4556412,41.9823094,21.4559335,41.9822233,21.4559528,41.9823196,21.4562038,41.9823012,21.4561872,41.9821884,21.4563885,41.982088,21.456383,41.9819896,21.4565402,41.981924,21.4569263,41.982377,21.4560273,41.9827747",way/1001530500,,park,Паркче,,,,,,,,,,,,Cкoпje,Васко Карангелески,бб,1000,24/7
,,,Polygon,"21.4521405,41.9867809,21.4520654,41.9866892,21.4524918,41.9864878,21.452575,41.9864898,21.4533233,41.9861728,21.453546,41.986436,21.4535647,41.9864719,21.453546,41.9865038,21.4535111,41.9865177,21.4531919,41.9865516,21.4527788,41.9866114,21.4526957,41.9866294,21.4522987,41.986737,21.4521405,41.9867809",way/1001537886,,park,,,,,,,,,,,,,,,,,
,,,Polygon,"21.4442923,41.9738932,21.4427341,41.9734464,21.4429105,41.9731067,21.4433279,41.9732297,21.4434682,41.973195,21.4437022,41.9727,21.444627,41.9729568,21.4444438,41.9734693,21.4442923,41.9738932",way/1002371695,,park,Парк Кино Кисела Вода,,,,,,,,,,,,,,,,
,,,Polygon,"21.4675553,41.9890858,21.4678441,41.9893838,21.4669231,41.9898769,21.4655621,41.9906055,21.4647805,41.9910239,21.4645475,41.9910179,21.4642213,41.9902766,21.4658723,41.9893921,21.4655257,41.9890347,21.4677698,41.9878326,21.4684963,41.9885819,21.4675553,41.9890858",way/1029043161,,park,,,,,,,,,,,,,,,,,
,,,Polygon,"21.4441456,41.9941194,21.4441362,41.9939769,21.4443186,41.993938,21.4443856,41.9940935,21.4441456,41.9941194",way/1041558901,,park,,,,,,,,,,,,,,,,,
,,,Polygon,"21.4348778,42.0011139,21.4350567,42.0007381,21.4351651,42.0004731,21.4354985,42.0005247,21.4355618,42.0005247,21.4355706,42.0005532,21.4356275,42.0008274,21.4356767,42.0009391,21.4356771,42.0012455,21.4348778,42.0011139",way/1087992681,,park,,,,,,,,,,,,,,,,,
,,,Polygon,"21.4144928,41.9815359,21.4144767,41.9814322,21.4147798,41.9814262,21.4151634,41.9814402,21.4153726,41.9814581,21.4155255,41.981474,21.4155255,41.9815937,21.4152304,41.9815458,21.4150159,41.9815279,21.4147235,41.9815279,21.4144928,41.9815359",way/1100795272,,park,Парк культуры,,,,,,,,,,,,Cкoпje,Македонская улица,,,
,,,Polygon,"21.4116449,41.994891,21.4116571,41.9948795,21.4116876,41.9948703,21.411706,41.9948666,21.4117514,41.9948573,21.4118367,41.9952384,21.4117162,41.9952533,21.4116413,41.9949189,21.411641,41.9949043,21.4116449,41.994891",way/1100940963,,park,,,,,,,,,,,,,,,,,
,,,Polygon,"21.4815073,42.004924,21.481535,42.0048072,21.4817938,42.0048336,21.4817692,42.0049457,21.4815073,42.004924",way/1104480818,,park,,,,,,,,,,,,,,,,,
,,,Polygon,"21.4402111,41.9861527,21.4401967,41.9860767,21.4401561,41.9860077,21.4399954,41.9858017,21.439892,41.9857081,21.4398008,41.9856451,21.439705,41.9855962,21.4395241,41.9854791,21.4395561,41.9853612,21.4395739,41.9852561,21.4396169,41.9851518,21.439697,41.985106,21.4400599,41.9849713,21.44014,41.9849277,21.4403236,41.9848803,21.4405097,41.9847308,21.4407223,41.9843964,21.4407809,41.984346,21.4408302,41.9843529,21.4409041,41.9843689,21.4409842,41.9844216,21.4410489,41.9844789,21.4411259,41.9845865,21.4411598,41.9846667,21.4411814,41.9847995,21.4412318,41.9848103,21.4413638,41.9848384,21.4411739,41.9853066,21.4410999,41.9856588,21.4410041,41.9860564,21.4408326,41.9861036,21.4407299,41.9861236,21.440679,41.9861292,21.4406119,41.9861365,21.4404564,41.9861296,21.4403643,41.986135,21.4402111,41.9861527",way/1109768106,,park,,,,,,,,,,,,,,,,,
